version,symbol,datetime,avgPrice,executedQty,origQty,side,action,num,position,net_pos,delta_p,pl,profit,equity,nav,is_mark_to_market
stable,BTCUSDT,20241115 12:35:01,87658.3,0.600,0.600,SELL,-1,-0.3,-0.3,0.0,0.0,0.0,0.0,7000.0,1.0,False
stable,BTCUSDT,20241119 12:31:01,91725.6,0.600,0.600,BUY,1,0.6,0.3,-0.3,4067.300000000003,-1220.1900000000007,-1220.1900000000007,5779.8099999999995,0.8256871428571427,False
stable,BTCUSDT,20241126 12:31:07,94366.2,0.600,0.600,SELL,-1,-0.6,-0.3,0.3,2640.5999999999913,792.1799999999973,-428.0100000000034,6571.989999999996,0.9388557142857137,False
stable,BTCUSDT,20241128 12:31:04,95734.1,0.600,0.600,BUY,1,0.6,0.3,-0.3,1367.9000000000087,-410.3700000000026,-838.380000000006,6161.6199999999935,0.8802314285714277,False
stable,BTCUSDT,20241204 12:31:04,95884.9,0.600,0.600,SELL,-1,-0.6,-0.3,0.3,150.79999999998836,45.239999999996506,-793.1400000000095,6206.859999999991,0.8866942857142843,False
stable,BTCUSDT,20241204 14:31:01,96756.5,0.300,0.300,BUY,1,0.3,0.0,-0.3,871.6000000000058,-261.4800000000017,-1054.6200000000113,5945.379999999988,0.8493399999999983,False
stable,BTCUSDT,20241205 12:31:04,102836.1,0.300,0.300,BUY,1,0.3,0.3,0.0,6079.600000000006,0.0,-1054.6200000000113,5945.379999999988,0.8493399999999983,False
stable,BTCUSDT,20241218 14:31:01,103821.7,0.300,0.300,SELL,-1,-0.3,0.0,0.3,985.5999999999913,295.6799999999974,-758.9400000000139,6241.059999999986,0.8915799999999979,False
stable,BTCUSDT,20241219 12:31:04,101021.7,0.300,0.300,SELL,-1,-0.3,-0.3,0.0,-2800.0,-0.0,-758.9400000000139,6241.059999999986,0.8915799999999979,False
stable,BTCUSDT,20241219 14:31:01,101027.6,0.300,0.300,BUY,1,0.3,0.0,-0.3,5.900000000008731,-1.7700000000026193,-760.7100000000165,6239.289999999984,0.8913271428571405,False
stable,BTCUSDT,20241220 12:31:04,97684.1,0.300,0.300,SELL,-1,-0.3,-0.3,0.0,-3343.5,-0.0,-760.7100000000165,6239.289999999984,0.8913271428571405,False
stable,BTCUSDT,20241227 12:31:04,96359.7,0.600,0.600,BUY,1,0.6,0.3,-0.3,-1324.4000000000087,397.3200000000026,-363.3900000000139,6636.609999999986,0.9480871428571409,False
stable,BTCUSDT,20241228 12:31:04,94566.1,0.600,0.600,SELL,-1,-0.6,-0.3,0.3,-1793.5999999999913,-538.0799999999973,-901.4700000000112,6098.529999999989,0.8712185714285698,False
stable,BTCUSDT,20250101 12:31:03,93708.6,0.600,0.600,BUY,1,0.6,0.3,-0.3,-857.5,257.25,-644.2200000000112,6355.779999999989,0.9079685714285698,False
stable,BTCUSDT,20250103 14:31:01,96649.9,0.300,0.300,SELL,-1,-0.3,0.0,0.3,2941.2999999999884,882.3899999999965,238.1699999999853,7238.1699999999855,1.0340242857142836,False
stable,BTCUSDT,20250104 12:31:03,97874.2,0.300,0.300,BUY,1,0.3,0.3,0.0,1224.300000000003,0.0,238.1699999999853,7238.1699999999855,1.0340242857142836,False
stable,BTCUSDT,20250108 12:31:03,96385.7,0.600,0.600,SELL,-1,-0.6,-0.3,0.3,-1488.5,-446.55,-208.38000000001472,6791.619999999985,0.9702314285714265,False
stable,BTCUSDT,20250108 14:31:01,96134.0,0.300,0.300,BUY,1,0.3,0.0,-0.3,-251.6999999999971,75.50999999999912,-132.87000000001558,6867.129999999985,0.9810185714285692,False
stable,BTCUSDT,20250109 12:31:03,94225.1,0.300,0.300,SELL,-1,-0.3,-0.3,0.0,-1908.8999999999942,-0.0,-132.87000000001558,6867.129999999985,0.9810185714285692,False
stable,BTCUSDT,20250110 12:31:04,93569.4,0.300,0.300,BUY,1,0.3,0.0,-0.3,-655.7000000000116,196.71000000000348,63.839999999987896,7063.839999999988,1.0091199999999982,False
stable,BTCUSDT,20250111 12:31:04,94054.7,0.300,0.300,BUY,1,0.3,0.3,0.0,485.3000000000029,0.0,63.839999999987896,7063.839999999988,1.0091199999999982,False
stable,BTCUSDT,20250114 12:31:09,94836.0,0.600,0.600,SELL,-1,-0.6,-0.3,0.3,781.3000000000029,234.39000000000087,298.22999999998876,7298.229999999989,1.042604285714284,False
stable,BTCUSDT,20250115 12:31:01,97211.2,0.600,0.600,BUY,1,0.6,0.3,-0.3,2375.199999999997,-712.5599999999991,-414.3300000000104,6585.669999999989,0.9408099999999985,False
stable,BTCUSDT,20250115 14:31:01,96878.0,0.300,0.300,SELL,-1,-0.3,0.0,0.3,-333.1999999999971,-99.95999999999913,-514.2900000000095,6485.70999999999,0.9265299999999985,False
stable,BTCUSDT,20250116 12:31:03,99550.1,0.300,0.300,BUY,1,0.3,0.3,0.0,2672.100000000006,0.0,-514.2900000000095,6485.70999999999,0.9265299999999985,False
stable,BTCUSDT,20250123 12:31:03,101720.1,0.600,0.600,SELL,-1,-0.6,-0.3,0.3,2170.0,651.0,136.7099999999905,7136.70999999999,1.0195299999999985,False
stable,BTCUSDT,20250123 14:31:01,102740.1,0.300,0.300,BUY,1,0.3,0.0,-0.3,1020.0,-306.0,-169.2900000000095,6830.70999999999,0.9758157142857129,False
stable,BTCUSDT,20250124 12:31:04,103934.5,0.300,0.300,BUY,1,0.3,0.3,0.0,1194.3999999999942,0.0,-169.2900000000095,6830.70999999999,0.9758157142857129,False
stable,BTCUSDT,20250128 12:31:09,103043.9,0.600,0.600,SELL,-1,-0.6,-0.3,0.3,-890.6000000000058,-267.1800000000017,-436.4700000000112,6563.529999999989,0.9376471428571412,False
stable,BTCUSDT,20250129 14:31:01,102536.4,0.300,0.300,BUY,1,0.3,0.0,-0.3,-507.5,152.25,-284.2200000000112,6715.779999999989,0.9593971428571413,False
stable,BTCUSDT,20250130 12:31:04,105010.8,0.300,0.300,BUY,1,0.3,0.3,0.0,2474.4000000000087,0.0,-284.2200000000112,6715.779999999989,0.9593971428571413,False
stable,BTCUSDT,20250130 14:31:01,105199.2,0.300,0.300,SELL,-1,-0.3,0.0,0.3,188.39999999999418,56.519999999998255,-227.70000000001298,6772.299999999987,0.9674714285714268,False
stable,BTCUSDT,20250131 12:31:04,104466.0,0.300,0.300,BUY,1,0.3,0.3,0.0,-733.1999999999971,-0.0,-227.70000000001298,6772.299999999987,0.9674714285714268,False
stable,BTCUSDT,20250201 12:31:04,102193.6,0.600,0.600,SELL,-1,-0.6,-0.3,0.3,-2272.399999999994,-681.7199999999982,-909.4200000000112,6090.579999999989,0.8700828571428556,False
stable,BTCUSDT,20250205 12:31:04,97932.9,0.600,0.600,BUY,1,0.6,0.3,-0.3,-4260.700000000012,1278.2100000000034,368.78999999999223,7368.789999999992,1.0526842857142846,False
stable,BTCUSDT,20250207 12:31:04,97655.1,0.600,0.600,SELL,-1,-0.6,-0.3,0.3,-277.79999999998836,-83.33999999999651,285.4499999999957,7285.449999999995,1.0407785714285707,False
stable,BTCUSDT,20250208 12:31:04,96428.4,0.600,0.600,BUY,1,0.6,0.3,-0.3,-1226.7000000000116,368.01000000000346,653.4599999999991,7653.459999999999,1.0933514285714285,False
stable,BTCUSDT,20250211 12:31:09,97608.1,0.600,0.600,SELL,-1,-0.6,-0.3,0.3,1179.7000000000116,353.9100000000035,1007.3700000000026,8007.370000000003,1.1439100000000004,False
stable,BTCUSDT,20250215 12:31:04,97632.1,0.600,0.600,BUY,1,0.6,0.3,-0.3,24.0,-7.199999999999999,1000.1700000000026,8000.170000000003,1.142881428571429,False
stable,BTCUSDT,20250219 12:31:03,95467.0,0.600,0.600,SELL,-1,-0.6,-0.3,0.3,-2165.100000000006,-649.5300000000017,350.6400000000009,7350.640000000001,1.0500914285714287,False
stable,BTCUSDT,20250301 12:31:03,85931.5,0.600,0.600,BUY,1,0.6,0.3,-0.3,-9535.5,2860.65,3211.290000000001,10211.29,1.4587557142857144,False
stable,BTCUSDT,20250304 14:31:01,84219.9,0.300,0.300,SELL,-1,-0.3,0.0,0.3,-1711.6000000000058,-513.4800000000017,2697.809999999999,9697.81,1.3854014285714285,False
stable,BTCUSDT,20250305 12:31:03,86964.2,0.300,0.300,SELL,-1,-0.3,-0.3,0.0,2744.300000000003,0.0,2697.809999999999,9697.81,1.3854014285714285,False
stable,BTCUSDT,20250313 12:31:02,83466.4,0.600,0.600,BUY,1,0.6,0.3,-0.3,-3497.800000000003,1049.3400000000008,3747.1499999999996,10747.15,1.5353071428571428,False
stable,BTCUSDT,20250314 16:19:48,82468.9,0.600,0.600,SELL,-1,-0.6,-0.3,0.3,-997.5,-299.25,3447.8999999999996,10447.9,1.492557142857143,False
stable,BTCUSDT,20250315 12:31:03,84313.0,0.600,0.600,BUY,1,0.6,0.3,-0.3,1844.1000000000058,-553.2300000000017,2894.669999999998,9894.669999999998,1.4135242857142856,False
stable,BTCUSDT,20250319 12:31:03,82797.4,0.600,0.600,SELL,-1,-0.6,-0.3,0.3,-1515.6000000000058,-454.6800000000017,2439.989999999996,9439.989999999996,1.3485699999999994,False
stable,BTCUSDT,20250319 13:31:01,82952.962,0.300,0.300,BUY,1,0.3,0.0,-0.3,155.56200000000536,-46.668600000001604,2393.3213999999944,9393.321399999993,1.3419030571428563,False
stable,BTCUSDT,20250320 12:31:03,85699.4,0.300,0.300,BUY,1,0.3,0.3,0.0,2746.4379999999946,0.0,2393.3213999999944,9393.321399999993,1.3419030571428563,False
stable,BTCUSDT,20250321 12:31:03,84644.3,0.600,0.600,SELL,-1,-0.6,-0.3,0.3,-1055.0999999999913,-316.52999999999736,2076.791399999997,9076.791399999996,1.2966844857142852,False
stable,BTCUSDT,20250321 13:31:01,84358.2,0.300,0.300,BUY,1,0.3,0.0,-0.3,-286.1000000000058,85.83000000000175,2162.6213999999986,9162.621399999998,1.308945914285714,False
stable,BTCUSDT,20250325 12:31:09,86354.4,0.300,0.300,BUY,1,0.3,0.3,0.0,1996.199999999997,0.0,2162.6213999999986,9162.621399999998,1.308945914285714,False
stable,BTCUSDT,20250326 12:31:03,87249.9,0.600,0.600,SELL,-1,-0.6,-0.3,0.3,895.5,268.65,2431.2713999999987,9431.271399999998,1.3473244857142854,False
stable,BTCUSDT,20250326 13:31:01,87258.8,0.300,0.300,BUY,1,0.3,0.0,-0.3,8.900000000008731,-2.670000000002619,2428.601399999996,9428.601399999996,1.3469430571428567,False
stable,BTCUSDT,20250328 12:31:04,86653.1,0.300,0.300,BUY,1,0.3,0.3,0.0,-605.6999999999971,-0.0,2428.601399999996,9428.601399999996,1.3469430571428567,False
stable,BTCUSDT,20250329 12:31:04,83975.9,0.600,0.600,SELL,-1,-0.6,-0.3,0.3,-2677.2000000000116,-803.1600000000035,1625.4413999999924,8625.441399999992,1.2322059142857131,False
stable,BTCUSDT,20250403 12:31:03,83278.64367,0.600,0.600,BUY,1,0.6,0.3,-0.3,-697.2563299999892,209.17689899999678,1834.6182989999893,8834.618298999989,1.2620883284285698,False
stable,BTCUSDT,20250404 12:31:03,82784.5,0.600,0.600,SELL,-1,-0.6,-0.3,0.3,-494.14367000000493,-148.24310100000147,1686.375197999988,8686.375197999987,1.2409107425714268,False
stable,BTCUSDT,20250415 13:31:01,85500.1,0.300,0.300,BUY,1,0.3,0.0,-0.3,2715.600000000006,-814.6800000000018,871.6951979999861,7871.695197999986,1.1245278854285694,False
stable,BTCUSDT,20250416 12:31:03,83550.0,0.300,0.300,BUY,1,0.3,0.3,0.0,-1950.1000000000058,-0.0,871.6951979999861,7871.695197999986,1.1245278854285694,False
stable,BTCUSDT,20250417 12:31:03,83924.0,0.600,0.600,SELL,-1,-0.6,-0.3,0.3,374.0,112.2,983.8951979999862,7983.8951979999865,1.140556456857141,False
stable,BTCUSDT,20250418 12:31:04,84685.7,0.600,0.600,BUY,1,0.6,0.3,-0.3,761.6999999999971,-228.5099999999991,755.3851979999871,7755.385197999987,1.1079121711428552,False
stable,BTCUSDT,20250429 12:31:09,94812.9,0.600,0.600,SELL,-1,-0.6,-0.3,0.3,10127.199999999997,3038.159999999999,3793.545197999986,10793.545197999985,1.5419350282857123,False
stable,BTCUSDT,20250429 13:31:01,94335.4,0.300,0.300,BUY,1,0.3,0.0,-0.3,-477.5,143.25,3936.795197999986,10936.795197999985,1.5623993139999979,False
stable,BTCUSDT,20250430 12:31:04,94864.2,0.300,0.300,SELL,-1,-0.3,-0.3,0.0,528.8000000000029,0.0,3936.795197999986,10936.795197999985,1.5623993139999979,False
stable,BTCUSDT,20250430 13:31:01,94947.31933,0.300,0.300,BUY,1,0.3,0.0,-0.3,83.11933000000136,-24.935799000000404,3911.859398999986,10911.859398999986,1.558837056999998,False
stable,BTCUSDT,20250501 12:31:04,94699.9,0.300,0.300,SELL,-1,-0.3,-0.3,0.0,-247.41933000000427,-0.0,3911.859398999986,10911.859398999986,1.558837056999998,False
stable,BTCUSDT,20250502 12:31:04,96989.0,0.600,0.600,BUY,1,0.6,0.3,-0.3,2289.100000000006,-686.7300000000017,3225.129398999984,10225.129398999983,1.4607327712857119,False
stable,BTCUSDT,20250503 12:31:04,96428.3,0.300,0.300,SELL,-1,-0.3,0.0,0.3,-560.6999999999971,-168.20999999999913,3056.919398999985,10056.919398999984,1.4367027712857119,False
stable,BTCUSDT,20250506 12:31:09,94506.7,0.300,0.300,SELL,-1,-0.3,-0.3,0.0,-1921.6000000000058,-0.0,3056.919398999985,10056.919398999984,1.4367027712857119,False
stable,BTCUSDT,20250506 13:31:01,94329.9,0.300,0.300,BUY,1,0.3,0.0,-0.3,-176.8000000000029,53.04000000000087,3109.9593989999858,10109.959398999985,1.444279914142855,False
stable,BTCUSDT,20250507 12:31:04,96450.0,0.300,0.300,SELL,-1,-0.3,-0.3,0.0,2120.100000000006,0.0,3109.9593989999858,10109.959398999985,1.444279914142855,False
stable,BTCUSDT,20250507 13:31:01,96398.6,0.300,0.300,BUY,1,0.3,0.0,-0.3,-51.39999999999418,15.419999999998254,3125.379398999984,10125.379398999983,1.4464827712857118,False
stable,BTCUSDT,20250508 12:31:04,99237.3,0.300,0.300,BUY,1,0.3,0.3,0.0,2838.699999999997,0.0,3125.379398999984,10125.379398999983,1.4464827712857118,False
stable,BTCUSDT,20250513 14:31:01,102375.0,0.300,0.300,SELL,-1,-0.3,0.0,0.3,3137.699999999997,941.309999999999,4066.689398999983,11066.689398999983,1.5809556284285688,False
stable,BTCUSDT,20250514 12:31:04,103600.0,0.300,0.300,SELL,-1,-0.3,-0.3,0.0,1225.0,0.0,4066.689398999983,11066.689398999983,1.5809556284285688,False
stable,BTCUSDT,20250515 12:31:04,102865.5,0.600,0.600,BUY,1,0.6,0.3,-0.3,-734.5,220.35,4287.039398999983,11287.039398999983,1.6124341998571403,False
stable,BTCUSDT,20250516 12:31:04,103899.8,0.600,0.600,SELL,-1,-0.6,-0.3,0.3,1034.300000000003,310.2900000000009,4597.329398999984,11597.329398999984,1.6567613427142833,False
stable,BTCUSDT,20250516 13:31:01,103951.9,0.300,0.300,BUY,1,0.3,0.0,-0.3,52.09999999999127,-15.62999999999738,4581.699398999986,11581.699398999986,1.6545284855714266,False
stable,BTCUSDT,20250517 12:31:04,103545.0,0.300,0.300,BUY,1,0.3,0.3,0.0,-406.8999999999942,-0.0,4581.699398999986,11581.699398999986,1.6545284855714266,False
stable,BTCUSDT,20250524 12:31:03,108354.2,0.600,0.600,SELL,-1,-0.6,-0.3,0.3,4809.199999999997,1442.759999999999,6024.459398999986,13024.459398999985,1.860637056999998,False
stable,BTCUSDT,20250526 13:31:01,109550.2,0.300,0.300,BUY,1,0.3,0.0,-0.3,1196.0,-358.8,5665.659398999986,12665.659398999986,1.809379914142855,False
stable,BTCUSDT,20250528 12:31:04,108638.5,0.300,0.300,SELL,-1,-0.3,-0.3,0.0,-911.6999999999971,-0.0,5665.659398999986,12665.659398999986,1.809379914142855,False
stable,BTCUSDT,20250528 13:31:01,108917.9,0.300,0.300,BUY,1,0.3,0.0,-0.3,279.3999999999942,-83.81999999999825,5581.839398999988,12581.839398999988,1.7974056284285698,False
stable,BTCUSDT,20250529 12:31:04,107802.4,0.300,0.300,SELL,-1,-0.3,-0.3,0.0,-1115.5,-0.0,5581.839398999988,12581.839398999988,1.7974056284285698,False
stable,BTCUSDT,20250529 13:31:01,107583.1,0.300,0.300,BUY,1,0.3,0.0,-0.3,-219.29999999998836,65.78999999999651,5647.629398999984,12647.629398999983,1.8068041998571405,False
stable,BTCUSDT,20250530 12:31:04,105890.0,0.300,0.300,SELL,-1,-0.3,-0.3,0.0,-1693.1000000000058,-0.0,5647.629398999984,12647.629398999983,1.8068041998571405,False
stable,BTCUSDT,20250604 12:31:04,105472.5,0.600,0.600,BUY,1,0.6,0.3,-0.3,-417.5,125.25,5772.879398999984,12772.879398999983,1.8246970569999976,False
stable,BTCUSDT,20250605 12:31:04,105079.9,0.600,0.600,SELL,-1,-0.6,-0.3,0.3,-392.6000000000058,-117.78000000000173,5655.099398999982,12655.099398999982,1.8078713427142832,False
stable,BTCUSDT,20250605 13:31:07,104867.0,0.300,0.300,BUY,1,0.3,0.0,-0.3,-212.89999999999418,63.86999999999825,5718.9693989999805,12718.96939899998,1.8169956284285684,False
stable,BTCUSDT,20250606 12:31:04,102466.3,0.300,0.300,SELL,-1,-0.3,-0.3,0.0,-2400.699999999997,-0.0,5718.9693989999805,12718.96939899998,1.8169956284285684,False
stable,BTCUSDT,20250607 12:31:04,104628.1,0.600,0.600,BUY,1,0.6,0.3,-0.3,2161.800000000003,-648.5400000000009,5070.42939899998,12070.429398999979,1.724347056999997,False
stable,BTCUSDT,20250609 12:31:01,105604.9,0.300,0.300,SELL,-1,-0.3,0.0,0.3,976.7999999999884,293.0399999999965,5363.469398999976,12363.469398999976,1.7662099141428538,False
stable,BTCUSDT,20250610 12:31:04,109371.0,0.300,0.300,BUY,1,0.3,0.3,0.0,3766.100000000006,0.0,5363.469398999976,12363.469398999976,1.7662099141428538,False
stable,BTCUSDT,20250613 12:31:04,104118.8625,0.600,0.600,SELL,-1,-0.6,-0.3,0.3,-5252.137499999997,-1575.641249999999,3787.828148999977,10787.828148999977,1.5411183069999967,False
stable,BTCUSDT,20250613 13:31:01,104270.9,0.300,0.300,BUY,1,0.3,0.0,-0.3,152.03749999999127,-45.611249999997376,3742.21689899998,10742.216898999981,1.5346024141428545,False
stable,BTCUSDT,20250614 12:31:04,105290.1,0.300,0.300,BUY,1,0.3,0.3,0.0,1019.2000000000116,0.0,3742.21689899998,10742.216898999981,1.5346024141428545,False
stable,BTCUSDT,20250621 11:10:03,103524.6,0.600,0.600,SELL,-1,-0.6,-0.3,0.3,-1765.5,-529.65,3212.56689899998,10212.56689899998,1.4589381284285685,False
stable,BTCUSDT,20250621 12:10:01,103386.01333,0.300,0.300,BUY,1,0.3,0.0,-0.3,-138.58667000000423,41.57600100000127,3254.142899999981,10254.14289999998,1.4648775571428543,False
stable,BTCUSDT,20250624 11:10:03,104877.1,0.300,0.300,BUY,1,0.3,0.3,0.0,1491.0866700000042,0.0,3254.142899999981,10254.14289999998,1.4648775571428543,False
stable,BTCUSDT,20250701 11:10:03,107074.7,0.600,0.600,SELL,-1,-0.6,-0.3,0.3,2197.5999999999913,659.2799999999974,3913.4228999999787,10913.42289999998,1.5590604142857114,False
stable,BTCUSDT,20250701 12:10:01,107150.0,0.300,0.300,BUY,1,0.3,0.0,-0.3,75.30000000000291,-22.590000000000874,3890.8328999999776,10890.832899999978,1.5558332714285683,False
stable,BTCUSDT,20250702 11:30:03,106065.5,0.300,0.300,SELL,-1,-0.3,-0.3,0.0,-1084.5,-0.0,3890.8328999999776,10890.832899999978,1.5558332714285683,False
stable,BTCUSDT,20250703 11:30:03,108687.0,0.600,0.600,BUY,1,0.6,0.3,-0.3,2621.5,-786.4499999999999,3104.382899999978,10104.382899999979,1.4434832714285684,False
stable,BTCUSDT,20250715 11:30:04,117496.4435,0.600,0.600,SELL,-1,-0.6,-0.3,0.3,8809.443499999994,2642.833049999998,5747.215949999976,12747.215949999976,1.8210308499999965,False
stable,BTCUSDT,20250715 13:29:02,117527.2,0.300,0.300,BUY,1,0.3,0.0,-0.3,30.756500000003143,-9.226950000000942,5737.988999999975,12737.988999999976,1.8197127142857108,False
stable,BTCUSDT,20250717 11:30:04,117842.1,0.300,0.300,BUY,1,0.3,0.3,0.0,314.90000000000873,0.0,5737.988999999975,12737.988999999976,1.8197127142857108,False
stable,BTCUSDT,20250719 12:30:02,118171.4,0.300,0.300,SELL,-1,-0.3,0.0,0.3,329.29999999998836,98.78999999999651,5836.778999999971,12836.778999999971,1.8338255714285674,False
stable,BTCUSDT,20250722 11:30:04,117084.0,0.300,0.300,SELL,-1,-0.3,-0.3,0.0,-1087.3999999999942,-0.0,5836.778999999971,12836.778999999971,1.8338255714285674,False
stable,BTCUSDT,20250725 11:30:04,115950.1,0.600,0.600,BUY,1,0.6,0.3,-0.3,-1133.8999999999942,340.16999999999825,6176.94899999997,13176.94899999997,1.8824212857142815,False
stable,BTCUSDT,20250729 11:30:04,118307.6,0.600,0.600,SELL,-1,-0.6,-0.3,0.3,2357.5,707.25,6884.19899999997,13884.19899999997,1.9834569999999956,False
stable,BTCUSDT,20250729 12:30:02,118619.2,0.300,0.300,BUY,1,0.3,0.0,-0.3,311.59999999999127,-93.47999999999737,6790.718999999972,13790.718999999972,1.9701027142857102,False
stable,BTCUSDT,20250730 11:30:03,118049.9,0.300,0.300,SELL,-1,-0.3,-0.3,0.0,-569.3000000000029,-0.0,6790.718999999972,13790.718999999972,1.9701027142857102,False
stable,BTCUSDT,20250730 15:13:13,118179.1,0.300,0.300,BUY,1,0.3,0.0,-0.3,129.20000000001164,-38.760000000003494,6751.958999999968,13751.958999999968,1.9645655714285668,False
stable,BTCUSDT,20250731 11:30:03,118397.5,0.300,0.300,BUY,1,0.3,0.3,0.0,218.39999999999418,0.0,6751.958999999968,13751.958999999968,1.9645655714285668,False
stable,BTCUSDT,20250801 13:30:01,115550.6,0.600,0.600,SELL,-1,-0.6,-0.3,0.3,-2846.899999999994,-854.0699999999982,5897.88899999997,12897.88899999997,1.842555571428567,False
stable,BTCUSDT,20250808 20:14:18,116583.1,0.600,0.600,BUY,1,0.6,0.3,-0.3,1032.5,-309.75,5588.13899999997,12588.13899999997,1.7983055714285672,False
stable,BTCUSDT,20250813 11:30:03,119358.6,0.600,0.600,SELL,-1,-0.6,-0.3,0.3,2775.5,832.65,6420.78899999997,13420.78899999997,1.917255571428567,False
stable,BTCUSDT,20250813 12:30:02,119543.7,0.300,0.300,BUY,1,0.3,0.0,-0.3,185.09999999999127,-55.52999999999738,6365.258999999973,13365.258999999973,1.9093227142857103,False
stable,BTCUSDT,20250814 11:30:01,123617.5,0.300,0.300,BUY,1,0.3,0.3,0.0,4073.800000000003,0.0,6365.258999999973,13365.258999999973,1.9093227142857103,False
stable,BTCUSDT,20250815 11:30:04,118956.4,0.600,0.600,SELL,-1,-0.6,-0.3,0.3,-4661.100000000006,-1398.3300000000017,4966.928999999971,11966.928999999971,1.7095612857142817,False
stable,BTCUSDT,20250815 14:30:02,119065.66567,0.300,0.300,BUY,1,0.3,0.0,-0.3,109.26567000000796,-32.77970100000238,4934.149298999969,11934.149298999968,1.7048784712857097,False
stable,BTCUSDT,20250816 11:30:04,117578.5,0.300,0.300,SELL,-1,-0.3,-0.3,0.0,-1487.1656700000021,-0.0,4934.149298999969,11934.149298999968,1.7048784712857097,False
stable,BTCUSDT,20250823 11:30:03,115694.7,0.600,0.600,BUY,1,0.6,0.3,-0.3,-1883.800000000003,565.1400000000009,5499.28929899997,12499.289298999971,1.7856127569999958,False
stable,BTCUSDT,20250823 12:30:01,115689.2,0.300,0.300,SELL,-1,-0.3,0.0,0.3,-5.5,-1.65,5497.63929899997,12497.63929899997,1.7853770427142814,False
stable,BTCUSDT,20250826 11:30:03,109736.9,0.300,0.300,BUY,1,0.3,0.3,0.0,-5952.300000000003,-0.0,5497.63929899997,12497.63929899997,1.7853770427142814,False
stable,BTCUSDT,20250830 13:34:56,108246.9,0.600,0.600,SELL,-1,-0.6,-0.3,0.3,-1490.0,-447.0,5050.63929899997,12050.63929899997,1.7215198998571386,False
stable,BTCUSDT,20250903 11:30:03,110980.1,0.600,0.600,BUY,1,0.6,0.3,-0.3,2733.2000000000116,-819.9600000000034,4230.679298999967,11230.679298999967,1.6043827569999953,False
stable,BTCUSDT,20250905 11:30:03,111083.8,0.600,0.600,SELL,-1,-0.6,-0.3,0.3,103.69999999999709,31.109999999999125,4261.7892989999655,11261.789298999965,1.6088270427142808,False
stable,BTCUSDT,20250909 11:30:03,111510.0,0.600,0.600,BUY,1,0.6,0.3,-0.3,426.1999999999971,-127.85999999999912,4133.929298999967,11133.929298999967,1.5905613284285667,False
stable,BTCUSDT,20250910 12:30:01,111540.8,0.300,0.300,SELL,-1,-0.3,0.0,0.3,30.80000000000291,9.240000000000872,4143.169298999967,11143.169298999968,1.5918813284285669,False
stable,BTCUSDT,20250911 11:30:03,114076.4,0.300,0.300,BUY,1,0.3,0.3,0.0,2535.5999999999913,0.0,4143.169298999967,11143.169298999968,1.5918813284285669,False
stable,BTCUSDT,20250916 11:30:03,115135.9,0.600,0.600,SELL,-1,-0.6,-0.3,0.3,1059.5,317.84999999999997,4461.019298999968,11461.019298999967,1.6372884712857096,False
stable,BTCUSDT,20250916 12:30:01,115252.0,0.300,0.300,BUY,1,0.3,0.0,-0.3,116.10000000000582,-34.830000000001746,4426.189298999966,11426.189298999965,1.6323127569999951,False
stable,BTCUSDT,20250917 11:30:03,116475.6,0.300,0.300,BUY,1,0.3,0.3,0.0,1223.6000000000058,0.0,4426.189298999966,11426.189298999965,1.6323127569999951,False
stable,BTCUSDT,20250918 11:30:03,117754.2,0.600,0.600,SELL,-1,-0.6,-0.3,0.3,1278.5999999999913,383.57999999999737,4809.769298999963,11809.769298999963,1.6871098998571377,False
stable,BTCUSDT,20250919 11:30:03,117038.2,0.600,0.600,BUY,1,0.6,0.3,-0.3,-716.0,214.79999999999998,5024.569298999963,12024.569298999962,1.7177956141428519,False
stable,BTCUSDT,20250920 11:30:03,115444.8,0.600,0.600,SELL,-1,-0.6,-0.3,0.3,-1593.3999999999942,-478.0199999999982,4546.549298999965,11546.549298999966,1.6495070427142808,False
stable,BTCUSDT,20250920 12:30:01,115401.2,0.300,0.300,BUY,1,0.3,0.0,-0.3,-43.60000000000582,13.080000000001746,4559.6292989999665,11559.629298999967,1.6513756141428524,False
stable,BTCUSDT,20250923 13:30:01,112749.7,0.300,0.300,SELL,-1,-0.3,-0.3,0.0,-2651.5,-0.0,4559.6292989999665,11559.629298999967,1.6513756141428524,False
stable,BTCUSDT,20250925 11:30:03,112273.2,0.600,0.600,BUY,1,0.6,0.3,-0.3,-476.5,142.95,4702.579298999966,11702.579298999966,1.671797042714281,False
stable,BTCUSDT,20250926 11:30:03,109311.8,0.600,0.600,SELL,-1,-0.6,-0.3,0.3,-2961.399999999994,-888.4199999999983,3814.159298999968,10814.159298999968,1.5448798998571383,False
stable,BTCUSDT,20250930 11:30:03,114284.2,0.600,0.600,BUY,1,0.6,0.3,-0.3,4972.399999999994,-1491.7199999999982,2322.4392989999697,9322.439298999969,1.3317770427142812,False
stable,BTCUSDT,20251008 11:30:04,121337.9,0.600,0.600,SELL,-1,-0.6,-0.3,0.3,7053.699999999997,2116.109999999999,4438.549298999969,11438.54929899997,1.63407847128571,False
stable,BTCUSDT,20251008 12:30:01,121433.1,0.300,0.300,BUY,1,0.3,0.0,-0.3,95.20000000001164,-28.56000000000349,4409.989298999966,11409.989298999966,1.6299984712857094,False
stable,BTCUSDT,20251009 11:30:03,121940.0,0.300,0.300,BUY,1,0.3,0.3,0.0,506.8999999999942,0.0,4409.989298999966,11409.989298999966,1.6299984712857094,False
stable,BTCUSDT,20251010 11:30:03,121401.0,0.600,0.600,SELL,-1,-0.6,-0.3,0.3,-539.0,-161.7,4248.289298999966,11248.289298999967,1.6068984712857095,False
stable,BTCUSDT,20251010 12:30:01,121240.5,0.300,0.300,BUY,1,0.3,0.0,-0.3,-160.5,48.15,4296.439298999966,11296.439298999965,1.6137770427142808,False
stable,BTCUSDT,20251011 11:30:03,111820.2,0.300,0.300,SELL,-1,-0.3,-0.3,0.0,-9420.300000000003,-0.0,4296.439298999966,11296.439298999965,1.6137770427142808,False
stable,BTCUSDT,20251015 11:30:03,112200.9,0.600,0.600,BUY,1,0.6,0.3,-0.3,380.6999999999971,-114.20999999999913,4182.229298999967,11182.229298999966,1.5974613284285666,False
stable,BTCUSDT,20251016 11:30:03,111665.28867,0.600,0.600,SELL,-1,-0.6,-0.3,0.3,-535.6113299999997,-160.68339899999992,4021.545899999967,11021.545899999966,1.5745065571428523,False
stable,BTCUSDT,20251021 11:30:03,109377.1,0.600,0.600,BUY,1,0.6,0.3,-0.3,-2288.1886699999886,686.4566009999966,4708.002500999964,11708.002500999963,1.6725717858571376,False
stable,BTCUSDT,20251021 12:30:01,108164.7,0.300,0.300,SELL,-1,-0.3,0.0,0.3,-1212.4000000000087,-363.7200000000026,4344.282500999961,11344.282500999961,1.6206117858571374,False
stable,BTCUSDT,20251022 11:30:04,108109.0,0.300,0.300,BUY,1,0.3,0.3,0.0,-55.69999999999709,-0.0,4344.282500999961,11344.282500999961,1.6206117858571374,False
stable,BTCUSDT,20251023 11:30:04,108639.9,0.600,0.600,SELL,-1,-0.6,-0.3,0.3,530.8999999999942,159.26999999999825,4503.552500999959,11503.552500999958,1.643364642999994,False
stable,BTCUSDT,20251024 12:30:01,110920.0,0.300,0.300,BUY,1,0.3,0.0,-0.3,2280.100000000006,-684.0300000000017,3819.5225009999576,10819.522500999958,1.5456460715714224,False
stable,BTCUSDT,20251025 11:30:04,111028.7,0.300,0.300,BUY,1,0.3,0.3,0.0,108.69999999999709,0.0,3819.5225009999576,10819.522500999958,1.5456460715714224,False
stable,BTCUSDT,20251030 11:30:04,110731.7,0.600,0.600,SELL,-1,-0.6,-0.3,0.3,-297.0,-89.1,3730.4225009999577,10730.422500999957,1.532917500142851,False
stable,BTCUSDT,20251104 13:30:01,105601.16233,0.300,0.300,BUY,1,0.3,0.0,-0.3,-5130.537669999991,1539.1613009999971,5269.583801999955,12269.583801999954,1.7527976859999934,False
stable,BTCUSDT,20251105 11:30:01,102055.7,0.300,0.300,SELL,-1,-0.3,-0.3,0.0,-3545.4623300000094,-0.0,5269.583801999955,12269.583801999954,1.7527976859999934,False
stable,BTCUSDT,20251106 11:30:04,103603.526,0.600,0.600,BUY,1,0.6,0.3,-0.3,1547.826000000001,-464.34780000000023,4805.236001999954,11805.236001999954,1.6864622859999934,False
stable,BTCUSDT,20251106 13:30:01,103455.8,0.300,0.300,SELL,-1,-0.3,0.0,0.3,-147.7259999999951,-44.317799999998535,4760.918201999955,11760.918201999955,1.6801311717142793,False
stable,BTCUSDT,20251107 11:30:04,102226.8,0.300,0.300,BUY,1,0.3,0.3,0.0,-1229.0,-0.0,4760.918201999955,11760.918201999955,1.6801311717142793,False
stable,BTCUSDT,20251108 11:30:04,103039.98117,0.600,0.600,SELL,-1,-0.6,-0.3,0.3,813.1811699999962,243.95435099999884,5004.872552999954,12004.872552999954,1.7149817932857077,False
stable,BTCUSDT,20251111 12:30:01,105907.2,0.600,0.600,BUY,1,0.6,0.3,-0.3,2867.218829999998,-860.1656489999993,4144.706903999954,11144.706903999955,1.5921009862857078,False
stable,BTCUSDT,20251113 11:30:04,102103.9,0.600,0.600,SELL,-1,-0.6,-0.3,0.3,-3803.300000000003,-1140.990000000001,3003.7169039999535,10003.716903999954,1.4291024148571363,False
stable,BTCUSDT,20251119 11:30:01,92258.1,0.600,0.600,BUY,1,0.6,0.3,-0.3,-9845.799999999988,2953.7399999999966,5957.45690399995,12957.45690399995,1.8510652719999927,False
stable,BTCUSDT,20251119 13:30:01,90819.4,0.300,0.300,SELL,-1,-0.3,0.0,0.3,-1438.7000000000116,-431.6100000000035,5525.846903999946,12525.846903999947,1.789406700571421,False
stable,BTCUSDT,20251120 12:53:36,92601.8,0.300,0.300,SELL,-1,-0.3,-0.3,0.0,1782.4000000000087,0.0,5525.846903999946,12525.846903999947,1.789406700571421,False
stable,BTCUSDT,20251120 13:30:01,92654.0,0.300,0.300,BUY,1,0.3,0.0,-0.3,52.19999999999709,-15.659999999999126,5510.186903999947,12510.186903999947,1.787169557714278,False
stable,BTCUSDT,20251121 11:30:03,85650.42,0.300,0.300,SELL,-1,-0.3,-0.3,0.0,-7003.580000000002,-0.0,5510.186903999947,12510.186903999947,1.787169557714278,False
stable,BTCUSDT,20251122 11:30:03,84383.2,0.600,0.600,BUY,1,0.6,0.3,-0.3,-1267.2200000000012,380.16600000000034,5890.352903999948,12890.352903999948,1.8414789862857068,False
stable,BTCUSDT,20251127 13:30:01,91429.5,0.300,0.300,SELL,-1,-0.3,0.0,0.3,7046.300000000003,2113.890000000001,8004.242903999948,15004.242903999948,2.1434632719999924,False
stable,BTCUSDT,20251129 11:30:03,90673.6,0.300,0.300,BUY,1,0.3,0.3,0.0,-755.8999999999942,-0.0,8004.242903999948,15004.242903999948,2.1434632719999924,False
stable,BTCUSDT,20251203 11:30:04,92758.6235,0.600,0.600,SELL,-1,-0.6,-0.3,0.3,2085.0234999999957,625.5070499999987,8629.749953999946,15629.749953999946,2.2328214219999922,False
stable,BTCUSDT,20251203 13:30:01,93300.0,0.300,0.300,BUY,1,0.3,0.0,-0.3,541.3764999999985,-162.41294999999954,8467.337003999946,15467.337003999946,2.2096195719999923,False
stable,BTCUSDT,20251204 11:30:04,93564.6,0.300,0.300,SELL,-1,-0.3,-0.3,0.0,264.6000000000058,0.0,8467.337003999946,15467.337003999946,2.2096195719999923,False
stable,BTCUSDT,20251206 11:30:03,89486.4,0.600,0.600,BUY,1,0.6,0.3,-0.3,-4078.2000000000116,1223.4600000000034,9690.797003999949,16690.79700399995,2.384399571999993,False
stable,BTCUSDT,20251209 12:30:01,90368.0,0.600,0.600,SELL,-1,-0.6,-0.3,0.3,881.6000000000058,264.4800000000017,9955.27700399995,16955.277003999952,2.4221824291428504,False
stable,BTCUSDT,20251210 12:40:42,92566.9,0.600,0.600,BUY,1,0.6,0.3,-0.3,2198.899999999994,-659.6699999999983,9295.607003999952,16295.607003999952,2.327943857714279,False
stable,BTCUSDT,20251212 11:30:03,92190.19633,0.600,0.600,SELL,-1,-0.6,-0.3,0.3,-376.70366999998805,-113.01110099999642,9182.595902999956,16182.595902999956,2.3117994147142795,False
stable,BTCUSDT,20251213 13:30:01,90313.0,0.300,0.300,BUY,1,0.3,0.0,-0.3,-1877.1963300000061,563.1588990000018,9745.754801999958,16745.75480199996,2.3922506859999944,False
stable,BTCUSDT,20251216 11:30:03,85664.2,0.300,0.300,SELL,-1,-0.3,-0.3,0.0,-4648.800000000003,-0.0,9745.754801999958,16745.75480199996,2.3922506859999944,False
stable,BTCUSDT,20251218 11:30:04,86227.23733,0.600,0.600,BUY,1,0.6,0.3,-0.3,563.0373300000065,-168.91119900000194,9576.843602999956,16576.843602999958,2.3681205147142794,False
stable,BTCUSDT,20251219 11:30:03,87130.5425,0.600,0.600,SELL,-1,-0.6,-0.3,0.3,903.3051699999924,270.9915509999977,9847.835153999953,16847.835153999953,2.4068335934285647,False
stable,BTCUSDT,20251220 11:30:04,88271.0,0.600,0.600,BUY,1,0.6,0.3,-0.3,1140.457500000004,-342.1372500000012,9505.697903999951,16505.69790399995,2.357956843428564,False
stable,BTCUSDT,20251220 13:30:01,88356.8,0.300,0.300,SELL,-1,-0.3,0.0,0.3,85.80000000000291,25.740000000000872,9531.437903999953,16531.437903999955,2.3616339862857076,False
stable,BTCUSDT,20251223 12:30:01,88218.3,0.300,0.300,SELL,-1,-0.3,-0.3,0.0,-138.5,-0.0,9531.437903999953,16531.437903999955,2.3616339862857076,False
stable,BTCUSDT,20251231 11:30:03,88503.5,0.600,0.600,BUY,1,0.6,0.3,-0.3,285.1999999999971,-85.55999999999912,9445.877903999954,16445.877903999954,2.3494111291428506,False
stable,BTCUSDT,20260102 13:31:09,88538.2,0.600,0.600,SELL,-1,-0.6,-0.3,0.3,34.69999999999709,10.409999999999126,9456.287903999953,16456.287903999953,2.350898271999993,False
stable,BTCUSDT,20260103 11:30:03,90175.3,0.600,0.600,BUY,1,0.6,0.3,-0.3,1637.1000000000058,-491.1300000000017,8965.157903999952,15965.157903999952,2.2807368434285644,False
stable,BTCUSDT,20260107 11:30:03,92961.5,0.600,0.600,SELL,-1,-0.6,-0.3,0.3,2786.199999999997,835.8599999999991,9801.017903999951,16801.01790399995,2.4001454148571355,False
stable,BTCUSDT,20260110 11:30:03,90595.8,0.600,0.600,BUY,1,0.6,0.3,-0.3,-2365.699999999997,709.7099999999991,10510.72790399995,17510.72790399995,2.5015325577142784,False
stable,BTCUSDT,20260110 13:30:01,90529.3,0.300,0.300,SELL,-1,-0.3,0.0,0.3,-66.5,-19.95,10490.77790399995,17490.77790399995,2.498682557714279,False
stable,BTCUSDT,20260113 11:30:03,91356.3,0.300,0.300,BUY,1,0.3,0.3,0.0,827.0,0.0,10490.77790399995,17490.77790399995,2.498682557714279,False
stable,BTCUSDT,20260116 12:30:01,95364.4,0.600,0.600,SELL,-1,-0.6,-0.3,0.3,4008.0999999999913,1202.4299999999973,11693.207903999946,18693.207903999944,2.670458271999992,False
stable,BTCUSDT,20260116 13:30:01,95265.1,0.300,0.300,BUY,1,0.3,0.0,-0.3,-99.29999999998836,29.789999999996507,11722.997903999943,18722.997903999945,2.6747139862857066,False
stable,BTCUSDT,20260117 11:30:03,95277.9,0.300,0.300,SELL,-1,-0.3,-0.3,0.0,12.799999999988358,0.0,11722.997903999943,18722.997903999945,2.6747139862857066,False
stable,BTCUSDT,20260131 11:30:03,84111.4,0.600,0.600,BUY,1,0.6,0.3,-0.3,-11166.5,3349.95,15072.947903999942,22072.947903999942,3.1532782719999917,False
stable,BTCUSDT,20260131 13:30:01,83950.2,0.300,0.300,SELL,-1,-0.3,0.0,0.3,-161.1999999999971,-48.359999999999125,15024.587903999944,22024.58790399994,3.1463697005714204,False
stable,BTCUSDT,20260203 11:30:03,78256.181,0.300,0.300,BUY,1,0.3,0.3,0.0,-5694.019,-0.0,15024.587903999944,22024.58790399994,3.1463697005714204,False
stable,BTCUSDT,20260204 13:52:16,76223.0,0.600,0.600,SELL,-1,-0.6,-0.3,0.3,-2033.1809999999969,-609.9542999999991,14414.633603999944,21414.633603999944,3.059233371999992,False
stable,BTCUSDT,20260208 11:30:01,69304.9,0.600,0.600,BUY,1,0.6,0.3,-0.3,-6918.100000000006,2075.4300000000017,16490.063603999944,23490.063603999944,3.355723371999992,False
stable,BTCUSDT,20260212 11:30:03,67369.0,0.600,0.600,SELL,-1,-0.6,-0.3,0.3,-1935.8999999999942,-580.7699999999983,15909.293603999946,22909.293603999948,3.27275622914285,False
stable,BTCUSDT,20260214 11:30:03,68895.4,0.600,0.600,BUY,1,0.6,0.3,-0.3,1526.3999999999942,-457.91999999999825,15451.373603999948,22451.37360399995,3.207339086285707,False
stable,BTCUSDT,20260219 11:30:03,66927.8,0.600,0.600,SELL,-1,-0.6,-0.3,0.3,-1967.5999999999913,-590.2799999999974,14861.09360399995,21861.09360399995,3.123013371999993,False
stable,BTCUSDT,20260221 11:30:03,67780.1215,0.600,0.600,BUY,1,0.6,0.3,-0.3,852.3214999999909,-255.69644999999727,14605.397153999953,21605.397153999955,3.086485307714279,False
stable,BTCUSDT,20260224 11:30:03,63669.4,0.600,0.600,SELL,-1,-0.6,-0.3,0.3,-4110.721499999992,-1233.2164499999976,13372.180703999955,20372.180703999955,2.9103115291428505,False
stable,BTCUSDT,20260225 11:30:03,65544.6,0.600,0.600,BUY,1,0.6,0.3,-0.3,1875.2000000000044,-562.5600000000013,12809.620703999954,19809.620703999954,2.8299458148571364,False
stable,BTCUSDT,20260227 11:30:03,67072.0665,0.600,0.600,SELL,-1,-0.6,-0.3,0.3,1527.466499999995,458.2399499999985,13267.860653999953,20267.860653999953,2.895408664857136,False
stable,BTCUSDT,20260227 13:30:02,67754.0,0.300,0.300,BUY,1,0.3,0.0,-0.3,681.9334999999992,-204.58004999999974,13063.280603999952,20063.280603999952,2.866182943428565,False
stable,BTCUSDT,20260228 11:30:00,65857.0,0.300,0.300,BUY,1,0.3,0.3,0.0,-1897.0,-0.0,13063.280603999952,20063.280603999952,2.866182943428565,False
stable,BTCUSDT,20260228 14:30:00,64530.0,0.300,0.300,SELL,-1,-0.3,0.0,0.3,-1327.0,-398.09999999999997,12665.180603999952,19665.18060399995,2.8093115148571357,False
stable,BTCUSDT,20260303 14:46:23,67908.2,0.300,0.300,BUY,1,0.3,0.3,0.0,3378.199999999997,0.0,12665.180603999952,19665.18060399995,2.8093115148571357,False
stable,BTCUSDT,20260304 11:30:00,67947.9,0.600,0.600,SELL,-1,-0.6,-0.3,0.3,39.69999999999709,11.909999999999126,12677.090603999952,19677.090603999954,2.811012943428565,False
stable,BTCUSDT,20260305 11:30:01,72506.0,0.600,0.600,BUY,1,0.6,0.3,-0.3,4558.100000000006,-1367.4300000000017,11309.66060399995,18309.66060399995,2.6156658005714215,False
stable,BTCUSDT,20260306 11:30:00,71142.5,0.600,0.600,SELL,-1,-0.6,-0.3,0.3,-1363.5,-409.05,10900.61060399995,17900.61060399995,2.557230086285707,False
stable,BTCUSDT,20260310 11:30:00,70087.8,0.600,0.600,BUY,1,0.6,0.3,-0.3,-1054.699999999997,316.4099999999991,11217.02060399995,18217.02060399995,2.6024315148571358,False
stable,BTCUSDT,20260312 14:30:01,69513.0,0.300,0.300,SELL,-1,-0.3,0.0,0.3,-574.8000000000029,-172.44000000000088,11044.58060399995,18044.58060399995,2.5777972291428504,False
stable,BTCUSDT,20260313 11:30:01,71062.0,0.300,0.300,BUY,1,0.3,0.3,0.0,1549.0,0.0,11044.58060399995,18044.58060399995,2.5777972291428504,False
stable,BTCUSDT,20260319 11:30:02,71467.13367,0.600,0.600,SELL,-1,-0.6,-0.3,0.3,405.1336699999956,121.54010099999869,11166.120704999948,18166.12070499995,2.5951601007142786,False
stable,BTCUSDT,20260324 11:30:02,70515.5,0.600,0.600,BUY,1,0.6,0.3,-0.3,-951.6336699999956,285.4901009999987,11451.610805999948,18451.610805999946,2.6359444008571353,False
stable,BTCUSDT,20260325 11:30:01,70517.2,0.600,0.600,SELL,-1,-0.6,-0.3,0.3,1.6999999999970896,0.5099999999991268,11452.120805999946,18452.120805999948,2.6360172579999928,False
stable,BTCUSDT,20260326 11:30:01,70683.8,0.600,0.600,BUY,1,0.6,0.3,-0.3,166.60000000000582,-49.980000000001745,11402.140805999945,18402.140805999945,2.628877257999992,False
stable,BTCUSDT,20260327 11:30:01,68798.3,0.600,0.600,SELL,-1,-0.6,-0.3,0.3,-1885.5,-565.65,10836.490805999945,17836.490805999943,2.548070115142849,False
stable,BTCUSDT,20260331 11:30:01,67807.3,0.600,0.600,BUY,1,0.6,0.3,-0.3,-991.0,297.3,11133.790805999944,18133.790805999946,2.590541543714278,False
stable,BTCUSDT,20260402 11:30:01,66820.67933,0.600,0.600,SELL,-1,-0.6,-0.3,0.3,-986.6206700000039,-295.98620100000113,10837.804604999943,17837.804604999943,2.5482578007142775,False
stable,BTCUSDT,20260403 11:30:01,66602.2,0.600,0.600,BUY,1,0.6,0.3,-0.3,-218.47933000000194,65.54379900000058,10903.348403999944,17903.348403999946,2.557621200571421,False
stable,BTCUSDT,20260408 11:30:01,71432.1,0.600,0.600,SELL,-1,-0.6,-0.3,0.3,4829.900000000009,1448.9700000000025,12352.318403999947,19352.318403999947,2.764616914857135,False
stable,BTCUSDT,20260410 11:30:01,71776.1,0.600,0.600,BUY,1,0.6,0.3,-0.3,344.0,-103.2,12249.118403999946,19249.118403999946,2.749874057714278,False
stable,BTCUSDT,20260414 13:30:01,74305.0,0.600,0.600,SELL,-1,-0.6,-0.3,0.3,2528.899999999994,758.6699999999983,13007.788403999944,20007.788403999944,2.858255486285706,False
stable,BTCUSDT,20260415 11:30:01,74250.1,0.600,0.600,BUY,1,0.6,0.3,-0.3,-54.89999999999418,16.469999999998254,13024.258403999942,20024.258403999942,2.860608343428563,False
stable,BTCUSDT,20260416 11:30:02,74985.0,0.600,0.600,SELL,-1,-0.6,-0.3,0.3,734.8999999999942,220.46999999999824,13244.72840399994,20244.72840399994,2.892104057714277,False
stable,BTCUSDT,20260416 12:30:03,74886.4,0.300,0.300,BUY,1,0.3,0.0,-0.3,-98.60000000000582,29.580000000001746,13274.308403999941,20274.30840399994,2.8963297719999916,False
stable,BTCUSDT,20260417 11:30:03,74702.6,0.300,0.300,SELL,-1,-0.3,-0.3,0.0,-183.79999999998836,-0.0,13274.308403999941,20274.30840399994,2.8963297719999916,False
stable,BTCUSDT,20260418 11:30:01,77133.4,0.600,0.600,BUY,1,0.6,0.3,-0.3,2430.7999999999884,-729.2399999999965,12545.068403999945,19545.068403999947,2.7921526291428496,False
stable,BTCUSDT,20260421 11:30:01,75585.8,0.600,0.600,SELL,-1,-0.6,-0.3,0.3,-1547.5999999999913,-464.27999999999736,12080.788403999948,19080.788403999948,2.7258269148571355,False
stable,BTCUSDT,20260421 12:30:01,75602.1,0.300,0.300,BUY,1,0.3,0.0,-0.3,16.30000000000291,-4.890000000000873,12075.898403999947,19075.89840399995,2.725128343428564,False
stable,BTCUSDT,20260422 11:30:01,77499.9,0.300,0.300,SELL,-1,-0.3,-0.3,0.0,1897.7999999999884,0.0,12075.898403999947,19075.89840399995,2.725128343428564,False
stable,BTCUSDT,20260423 11:30:01,77641.1,0.600,0.600,BUY,1,0.6,0.3,-0.3,141.20000000001164,-42.36000000000349,12033.538403999943,19033.53840399994,2.7190769148571343,False
stable,BTCUSDT,20260425 11:30:01,77511.6,0.600,0.600,SELL,-1,-0.6,-0.3,0.3,-129.5,-38.85,11994.688403999942,18994.688403999942,2.713526914857135,False
stable,BTCUSDT,20260429 11:30:01,76831.5,0.600,0.600,BUY,1,0.6,0.3,-0.3,-680.1000000000058,204.03000000000173,12198.718403999945,19198.718403999945,2.742674057714278,False
stable,BTCUSDT,20260429 12:30:03,77000.0,0.300,0.300,SELL,-1,-0.3,0.0,0.3,168.5,50.55,12249.268403999944,19249.268403999944,2.7498954862857063,False
stable,BTCUSDT,20260430 11:30:01,75862.5,0.300,0.300,SELL,-1,-0.3,-0.3,0.0,-1137.5,-0.0,12249.268403999944,19249.268403999944,2.7498954862857063,False
stable,BTCUSDT,20260501 11:30:02,77183.37217,0.600,0.600,BUY,1,0.6,0.3,-0.3,1320.8721700000024,-396.2616510000007,11853.006752999943,18853.006752999943,2.693286678999992,False
stable,BTCUSDT,20260507 11:30:02,80932.5,0.600,0.600,SELL,-1,-0.6,-0.3,0.3,3749.1278299999976,1124.7383489999993,12977.745101999943,19977.745101999943,2.853963585999992,False
stable,BTCUSDT,20260512 11:30:02,81139.733,0.600,0.600,BUY,1,0.6,0.3,-0.3,207.2329999999929,-62.16989999999787,12915.575201999945,19915.575201999945,2.845082171714278,False
stable,BTCUSDT,20260513 11:30:04,81055.0,0.600,0.600,SELL,-1,-0.6,-0.3,0.3,-84.7329999999929,-25.41989999999787,12890.155301999948,19890.15530199995,2.841450757428564,False
stable,BTCUSDT,20260515 12:30:06,80870.4,0.300,0.300,BUY,1,0.3,0.0,-0.3,-184.60000000000582,55.38000000000174,12945.53530199995,19945.53530199995,2.849362185999993,False
stable,BTCUSDT,20260516 11:30:06,79146.6,0.300,0.300,SELL,-1,-0.3,-0.3,0.0,-1723.7999999999884,-0.0,12945.53530199995,19945.53530199995,2.849362185999993,False
stable,BTCUSDT,20260521 12:10:31,77964.6,0.210,0.210,BUY,1,0.21,-0.09,-0.3,-1182.0,354.59999999999997,13300.13530199995,20300.13530199995,2.900019328857136,False
stable,BTCUSDT,20260521 12:13:26,77938.3,0.210,0.210,SELL,-1,-0.21,-0.3,-0.09,-26.30000000000291,2.367000000000262,13302.50230199995,20302.50230199995,2.9003574717142784,False
stable,BTCUSDT,20260522 11:30:06,77761.8,0.210,0.210,BUY,1,0.21,-0.09,-0.3,-176.5,52.949999999999996,13355.45230199995,20355.45230199995,2.9079217574285643,False
stable,BTCUSDT,20260522 14:54:15,77429.8,0.090,0.090,BUY,1,0.09,0.0,-0.09,-332.0,29.88,13385.33230199995,20385.33230199995,2.912190328857136,False
stable,BTCUSDT,20260523 11:30:06,75564.3,0.300,0.300,SELL,-1,-0.3,-0.3,0.0,-1865.5,-0.0,13385.33230199995,20385.33230199995,2.912190328857136,False
stable,BTCUSDT,20260609 11:30:05,62792.5,0.600,0.600,BUY,1,0.6,0.3,-0.3,-12771.800000000003,3831.540000000001,17216.872301999952,24216.872301999952,3.4595531859999933,False
stable,BTCUSDT,20260609 12:30:06,62774.3,0.300,0.300,SELL,-1,-0.3,0.0,0.3,-18.19999999999709,-5.459999999999127,17211.412301999953,24211.412301999953,3.4587731859999935,False
stable,BTCUSDT,20260610 11:30:05,61513.78533,0.300,0.300,SELL,-1,-0.3,-0.3,0.0,-1260.5146700000041,-0.0,17211.412301999953,24211.412301999953,3.4587731859999935,False
stable,BTCUSDT,20260613 11:30:06,63479.7,0.600,0.600,BUY,1,0.6,0.3,-0.3,1965.9146699999983,-589.7744009999994,16621.637900999955,23621.637900999955,3.3745197001428506,False
stable,BTCUSDT,20260616 11:30:06,65959.9,0.600,0.600,SELL,-1,-0.6,-0.3,0.3,2480.199999999997,744.0599999999991,17365.697900999952,24365.697900999952,3.480813985857136,False
stable,BTCUSDT,20260617 12:30:06,65857.4,0.300,0.300,BUY,1,0.3,0.0,-0.3,-102.5,30.75,17396.447900999952,24396.447900999952,3.485206842999993,False
stable,BTCUSDT,20260618 11:30:06,64282.7,0.300,0.300,SELL,-1,-0.3,-0.3,0.0,-1574.699999999997,-0.0,17396.447900999952,24396.447900999952,3.485206842999993,False
stable,BTCUSDT,20260623 11:30:06,64063.3,0.600,0.600,BUY,1,0.6,0.3,-0.3,-219.39999999999418,65.81999999999825,17462.267900999952,24462.267900999952,3.4946097001428504,False
stable,BTCUSDT,20260623 12:30:06,63951.6,0.300,0.300,SELL,-1,-0.3,0.0,0.3,-111.70000000000437,-33.510000000001305,17428.75790099995,24428.75790099995,3.489822557285707,False
stable,BTCUSDT,20260624 11:30:06,62643.2,0.300,0.300,BUY,1,0.3,0.3,0.0,-1308.4000000000015,-0.0,17428.75790099995,24428.75790099995,3.489822557285707,False
stable,BTCUSDT,20260624 12:30:06,62569.9,0.300,0.300,SELL,-1,-0.3,0.0,0.3,-73.29999999999563,-21.98999999999869,17406.767900999952,24406.767900999952,3.4866811287142787,False
stable,BTCUSDT,20260625 11:30:06,60755.1,0.300,0.300,SELL,-1,-0.3,-0.3,0.0,-1814.800000000003,-0.0,17406.767900999952,24406.767900999952,3.4866811287142787,False
stable,BTCUSDT,20260626 23:59:00,59832.0,0,0,MARK,0,0.0,-0.3,-0.3,-923.0999999999985,276.92999999999955,17683.697900999952,24683.697900999952,3.5262425572857077,True
